nama,harga,rating,likes
Very Smart Headphone,46,0,177
Mega Oven,67,3,97
Quick Hair Dryer,37,0.5,60
Genius Jeruk,67,2.5,235
Mega Monitor,33,0.5,92
WIFI-Powered Oven,83,0.5,463
Super Microphone,31,1.5,191
Quick TV,84,3,256
Genius Smartphone,9,2.5,425
Super Microphone,3,0.5,184
Genius Oven,33,3,388
Quick Oven,62,2,328
Very Smart Microphone,1,2,93
Mega Apel,49,0.5,63
Smart Jeruk,19,4.5,68
Generation 2 Oven,78,2.5,481
Smart Apel,5,1.5,229
Generation 2 Headphone,35,0.5,272
Mega Smartphone,64,4,278
Quick Headphone,9,1,54
Quick Tirai,6,0.5,276
WIFI-Powered Microphone,83,4,326
Quick TV,94,0,155
Mega Monitor,39,3,442
Smart Smartphone,66,3.5,264
Smart Mouse,98,0,196
Smart Oven,96,0.5,386
Very Smart Jeruk,50,3.5,117
Mega Router,44,2,90
Very Smart Oven,84,0.5,275
WIFI-Powered Smartphone,24,4.5,254
Generation 2 Mouse,65,3.5,376
Gorilla Glass Smartphone,45,0.5,259
WIFI-Powered Jeruk,73,0.5,24
Gorilla Glass Microphone,85,1,201
Smart Mouse,59,0,190
Very Smart Router,73,1.5,63
Genius Microphone,72,3.5,93
Super Hair Dryer,43,3,466
Super TV,21,4,342
Smart TV,30,3.5,464
Genius Hair Dryer,94,2,431
Smart Apel,18,0,455
Quick Router,51,0.5,277
WIFI-Powered Oven,4,0.5,29
Very Smart Jeruk,1,4.5,476
Mega Smartphone,34,1.5,183
WIFI-Powered Tirai,67,4,425
Genius Monitor,98,4.5,70
Genius Smartphone,48,0.5,79
Super Smartphone,19,3.5,387
Gorilla Glass Microphone,72,3,231
WIFI-Powered TV,28,1.5,302
Quick Microphone,7,4,116
Smart Apel,9,1.5,148
Super Headphone,55,1.5,431
Smart Oven,76,0,146
Super Oven,25,0,281
Genius Monitor,43,0,344
Generation 2 Tirai,34,3.5,386
Super Microphone,42,1.5,490
Generation 2 Apel,53,0,454
Super TV,87,4,469
WIFI-Powered Tirai,77,2,436
Generation 2 Apel,49,4.5,202
Super Apel,7,0,157
Super TV,19,0.5,489
Smart Tirai,83,4.5,202
WIFI-Powered Smartphone,63,1.5,357
Super Smartphone,55,3.5,80
Super Oven,61,4,451
Generation 2 Headphone,50,2,69
WIFI-Powered TV,40,0.5,453
Gorilla Glass Apel,97,0.5,142
Mega Headphone,39,2,56
Very Smart Oven,79,2,92
Super Hair Dryer,22,2.5,34
Mega Oven,57,1,476
WIFI-Powered Monitor,53,4,346
Quick TV,14,4,436
Genius Headphone,55,3,253
Generation 2 Mouse,17,2.5,24
Gorilla Glass Smartphone,36,4,177
Super Headphone,25,2,198
Very Smart Router,80,0,43
Very Smart TV,95,3.5,92
Super Jeruk,11,1,487
Genius Headphone,80,4,261
Smart Mouse,84,4,411
Gorilla Glass Smartphone,39,1,10
Quick Oven,56,0,385
Quick Oven,90,3.5,170
Generation 2 Monitor,96,3,373
Very Smart Router,25,2.5,264
Very Smart TV,26,3,452
Super Hair Dryer,16,3,237
Genius Headphone,95,2.5,347
Mega Mouse,67,4.5,481
Super Oven,21,3,273
Gorilla Glass Monitor,55,2,144
Generation 2 Hair Dryer,82,3,302
Very Smart Tirai,29,3.5,172
Genius Oven,45,3.5,300
Genius Hair Dryer,98,3.5,56
Generation 2 Tirai,80,4.5,464
Smart TV,28,4.5,467
WIFI-Powered Tirai,2,2,478
Quick Router,57,1.5,271
Genius Router,8,4.5,215
Smart Oven,94,4,407
Quick Jeruk,29,3.5,474
WIFI-Powered Oven,23,3,227
Generation 2 Oven,19,2.5,217
Generation 2 TV,85,4,285
Gorilla Glass Smartphone,48,3.5,464
Gorilla Glass Jeruk,3,4.5,412
Gorilla Glass Router,32,3.5,410
Genius Apel,27,1.5,5
WIFI-Powered Apel,57,2,101
Smart Hair Dryer,5,4,421
Genius Mouse,17,1.5,435
Very Smart Oven,41,3,167
Mega Microphone,12,4.5,400
Genius Oven,49,0,191
Very Smart Oven,79,2,172
WIFI-Powered Tirai,1,1.5,375
Generation 2 Microphone,22,0,133
Generation 2 Apel,68,2,349
Genius Mouse,53,2,362
Mega Monitor,3,0,494
Gorilla Glass Jeruk,7,2,117
Generation 2 Apel,12,2,215
Smart Mouse,57,3,482
Super Mouse,3,0,307
Gorilla Glass Oven,57,2,186
Generation 2 Mouse,31,3,289
Super Jeruk,67,2,424
Genius Microphone,78,2,479
Mega Hair Dryer,7,2,392
Smart Router,19,0,359
Generation 2 Monitor,92,3,115
WIFI-Powered Smartphone,86,1,56
Super Tirai,45,0,405
WIFI-Powered Smartphone,42,0.5,181
Very Smart Smartphone,66,3,427
Mega Apel,7,2.5,22
Genius Apel,24,2,191
Genius TV,77,0,328
Super Tirai,38,0.5,486
Mega TV,12,3,306
Genius Jeruk,91,0.5,278
Genius Oven,14,3,461
Mega Mouse,98,2,222
Gorilla Glass Jeruk,63,3.5,492
Genius Oven,69,1,290
Gorilla Glass Headphone,71,4.5,120
WIFI-Powered Hair Dryer,13,4,496
Generation 2 Headphone,42,4,453
Super Tirai,26,0,225
Gorilla Glass Tirai,64,2,73
Genius Microphone,28,1,283
WIFI-Powered Tirai,89,3.5,435
Super Oven,72,0,145
Genius Mouse,42,1,250
Mega Monitor,41,2.5,109
Generation 2 Mouse,22,1.5,489
Super Router,93,3,194
Gorilla Glass Tirai,87,1.5,75
Generation 2 Headphone,35,0,445
Genius Apel,66,0,130
WIFI-Powered Smartphone,57,2.5,178
Very Smart Microphone,49,1.5,218
Super Monitor,67,3,27
Quick Headphone,48,1.5,431
Mega Microphone,33,4.5,273
Smart Smartphone,37,3,105
Super Oven,52,0,346
Generation 2 Mouse,93,4,78
Genius Apel,64,1,86
Generation 2 Smartphone,5,0.5,105
Smart Tirai,1,3.5,342
Mega Mouse,83,0.5,453
Quick Oven,14,0,494
Very Smart Router,63,1,47
Quick Apel,67,2.5,58
Quick Jeruk,14,2.5,254
Generation 2 Oven,15,1,188
Super Mouse,34,4.5,486
Quick Jeruk,32,2,204
Quick Jeruk,56,4.5,383
Mega Microphone,45,1.5,263
Gorilla Glass Smartphone,60,1,70
Generation 2 Router,47,3.5,64
Smart Monitor,19,1,70
WIFI-Powered Apel,46,4.5,242
Generation 2 Tirai,38,2.5,242
Quick Headphone,11,2,138
Genius Jeruk,80,1.5,255
Mega Oven,10,3,482
WIFI-Powered Smartphone,45,0,190
Quick Hair Dryer,92,0,160
WIFI-Powered Monitor,69,4,396
Mega TV,61,3.5,93
Very Smart Apel,38,2.5,211
Mega Oven,88,4,105
Quick Hair Dryer,94,4.5,260
Quick Tirai,35,0,445
Generation 2 Monitor,63,2.5,55
WIFI-Powered Monitor,51,2.5,355
WIFI-Powered Jeruk,61,1,324
Genius Microphone,43,0,20
Very Smart Jeruk,31,0.5,47
Genius Tirai,70,1.5,344
Very Smart Oven,48,0,401
Quick Tirai,21,3.5,342
Smart Smartphone,75,0,95
Quick Hair Dryer,23,1,61
Quick Hair Dryer,63,2.5,158
Genius TV,39,3.5,47
WIFI-Powered Apel,76,4.5,326
Generation 2 Apel,35,1.5,407
Mega Router,46,2,214
Gorilla Glass Monitor,43,1,304
Very Smart Oven,99,0,266
WIFI-Powered Mouse,54,3,317
Generation 2 Oven,90,4.5,146
Super Smartphone,14,4.5,246
Very Smart Apel,96,3,270
Super Router,94,4,76
Genius Microphone,21,3,347
Mega Headphone,13,4.5,104
Smart Apel,69,3,396
Mega Apel,88,0,273
Gorilla Glass Smartphone,12,2,493
Very Smart Apel,64,4,255
Generation 2 Smartphone,88,3.5,419
Smart Monitor,27,3.5,13
Super Apel,38,4,275
Quick Apel,90,1.5,97
Super Router,14,1,496
Generation 2 Microphone,34,2,214
Genius Smartphone,14,0.5,330
Genius Smartphone,99,3.5,207
Very Smart TV,61,0,189
Very Smart Smartphone,31,4,331
Quick Oven,10,0.5,92
Quick Jeruk,31,2,428
Very Smart Smartphone,62,0,406
Genius Mouse,1,3,323
Genius Mouse,65,4.5,411
Genius TV,97,3.5,134
Super TV,42,4,385
Mega Headphone,22,2.5,363
Generation 2 TV,83,0,181
Gorilla Glass Apel,57,3.5,432
Generation 2 Monitor,98,3.5,97
WIFI-Powered Hair Dryer,77,0,212
WIFI-Powered Hair Dryer,44,2,276
Smart Tirai,69,2,223
Super Headphone,57,4,155
Quick Jeruk,5,3,402
Super Smartphone,67,0,496
Very Smart Tirai,92,4.5,417
Super Headphone,66,4,471
Genius Apel,81,1,67
Generation 2 Headphone,41,4.5,206
Generation 2 TV,31,2.5,485
Quick Jeruk,97,3.5,360
Genius Smartphone,45,3,0
Generation 2 Jeruk,13,0,457
Smart Headphone,11,0.5,223
Mega Router,37,0.5,457
WIFI-Powered Mouse,63,3,461
WIFI-Powered Headphone,90,0.5,251
Mega Mouse,88,1,269
Gorilla Glass Router,15,2.5,384
Quick Mouse,18,1.5,166
Mega Oven,48,3.5,437
Gorilla Glass Smartphone,92,1.5,136
Smart Mouse,4,3,3
Gorilla Glass Microphone,19,0,499
Smart Apel,52,3,369
Super Smartphone,94,2.5,131
Smart Monitor,47,3.5,144
Generation 2 Apel,22,3.5,68
Genius Jeruk,88,2,382
Smart Tirai,14,4,129
Gorilla Glass Monitor,98,0.5,79
Smart Oven,18,3.5,25
Generation 2 Hair Dryer,63,1.5,97
Generation 2 Apel,71,4.5,429
Very Smart Headphone,23,2,117
WIFI-Powered Headphone,96,2.5,430
Genius Microphone,53,3,426
Generation 2 TV,18,2,468
Quick Smartphone,99,2.5,179
Very Smart Apel,7,3.5,257
WIFI-Powered Mouse,97,4.5,334
Gorilla Glass Apel,13,1.5,86
Smart Smartphone,4,1.5,326
Quick Microphone,66,3,138
Gorilla Glass Mouse,96,3,59
Very Smart Tirai,83,4,2
Quick Hair Dryer,43,1.5,366
Quick Smartphone,51,3.5,191
Quick Jeruk,48,3.5,174
Generation 2 Tirai,3,0,273
Super Mouse,28,3,268
Gorilla Glass Monitor,59,4.5,383
Super Smartphone,35,1,240
Super Monitor,82,0,427
Quick Jeruk,42,2,107
Super Smartphone,40,1.5,330
Genius Tirai,52,0.5,128
Super Router,65,4,279
Super Jeruk,10,1.5,387
Quick Router,23,1.5,445
Super Microphone,85,0.5,269
Genius Tirai,19,2.5,189
Super Hair Dryer,97,4,428
Mega Tirai,13,2,47
Genius Headphone,16,1,111
Smart Mouse,72,4.5,268
Smart Monitor,23,1,208
Very Smart Oven,25,3,51
Genius Headphone,90,3,378
Genius Headphone,77,1.5,59
Quick Router,67,1.5,54
Smart Jeruk,4,2,420
WIFI-Powered Monitor,24,0,177
Very Smart Headphone,6,1,155
Quick Headphone,82,0,359
Quick Apel,7,1,236
Quick Router,42,0,80
Very Smart Oven,2,4,344
WIFI-Powered Smartphone,1,1,345
WIFI-Powered Microphone,42,2,147
WIFI-Powered Hair Dryer,77,0.5,26
Mega Tirai,71,2.5,82
Gorilla Glass Microphone,60,2.5,206
Super Tirai,7,3.5,461
Quick TV,97,3.5,351
Generation 2 Jeruk,63,2,415
Quick Monitor,66,2,462
Quick TV,26,0.5,3
Super Apel,95,4,342
Mega Router,26,1.5,412
Genius Microphone,77,1,108
Smart Jeruk,87,1.5,224
WIFI-Powered Microphone,93,1,192
Quick Microphone,1,4,140
Genius Apel,34,1,267
Genius Oven,73,1.5,403
Genius Router,24,2,153
Genius Apel,14,4.5,419
Quick Jeruk,24,4,346
Super Microphone,75,1,439
Very Smart Jeruk,36,1.5,103
Quick Smartphone,70,2,329
Generation 2 TV,9,3.5,81
Generation 2 Apel,10,2.5,469
Gorilla Glass Monitor,28,4.5,393
Mega TV,87,4.5,24
Super TV,74,2,12
Mega Headphone,34,2,459
Smart Smartphone,22,3,328
Genius Tirai,78,3,470
Quick Mouse,16,0.5,54
WIFI-Powered Apel,69,4,345
Mega Jeruk,52,1,121
WIFI-Powered Headphone,27,2.5,389
Genius Monitor,74,3,278
WIFI-Powered Smartphone,23,4,249
Very Smart Mouse,64,0,302
Very Smart TV,83,1.5,422
Mega Hair Dryer,25,4.5,298
WIFI-Powered Headphone,36,1,353
WIFI-Powered Oven,83,1.5,139
Super Router,15,4,343
Quick TV,37,0,227
Genius Oven,19,0.5,25
Generation 2 Tirai,89,4.5,173
WIFI-Powered Headphone,88,2,18
Quick Apel,48,1.5,57
Generation 2 Mouse,23,1.5,314
Super Oven,81,0,2
Mega Microphone,87,1.5,457
Smart Apel,93,3,27
Mega Oven,86,2,397
Very Smart Apel,12,3,331
Mega Router,32,2,57
Gorilla Glass Hair Dryer,68,4.5,360
Quick Tirai,92,0,426
Very Smart Microphone,69,2,228
Mega Router,94,2,166
Quick Router,21,1,384
Smart TV,88,4.5,377
Genius Router,72,0,436
Generation 2 Jeruk,55,2,346
WIFI-Powered Microphone,90,2.5,267
Generation 2 Tirai,51,2.5,34
Gorilla Glass Hair Dryer,41,2,265
Quick Router,90,3,2
WIFI-Powered Smartphone,41,2.5,271
Super Apel,96,0,104
Smart Apel,51,1.5,171
Generation 2 Jeruk,31,4.5,118
WIFI-Powered Microphone,67,2.5,12
Very Smart Router,1,1,393
Smart Microphone,50,4.5,182
WIFI-Powered Apel,72,2.5,485
Super Router,76,1,479
Super Microphone,52,1.5,208
Very Smart Mouse,32,0,375
Mega Microphone,68,2.5,170
Generation 2 Microphone,85,0,94
Generation 2 Monitor,39,4.5,298
Mega Tirai,64,3,155
Smart Headphone,98,2,238
Gorilla Glass Microphone,97,3.5,106
Smart Monitor,3,2.5,423
Genius Smartphone,10,2.5,304
WIFI-Powered Smartphone,62,4,102
Smart Hair Dryer,69,0,218
Generation 2 Monitor,91,3,461
Gorilla Glass Microphone,61,2.5,133
Quick Microphone,41,1.5,118
Genius Microphone,50,4,236
Generation 2 Monitor,6,1,112
Very Smart Mouse,13,1.5,473
Mega Mouse,79,3.5,440
Super Apel,62,3,383
WIFI-Powered Tirai,27,1.5,275
Smart Smartphone,8,3.5,479
Smart Router,39,2,108
Super Oven,46,4.5,328
Super Jeruk,5,2,7
Mega Hair Dryer,92,4.5,185
Mega Router,33,3.5,457
Smart Microphone,8,2,394
Quick Headphone,20,4.5,144
Quick Oven,18,2.5,261
Generation 2 Hair Dryer,43,2,277
Super Hair Dryer,53,3.5,314
Mega TV,49,3.5,302
Smart Monitor,89,2.5,394
Quick Headphone,34,3,28
Smart Apel,45,2.5,224
Smart Jeruk,79,0.5,260
WIFI-Powered Microphone,37,4,194
Super Hair Dryer,60,3,434
WIFI-Powered Smartphone,25,1,428
WIFI-Powered Mouse,61,3,439
Smart Router,63,4.5,258
Super Smartphone,14,0,466
Genius Mouse,67,0,143
Genius Mouse,35,1.5,446
Gorilla Glass Tirai,46,4,292
Generation 2 Router,88,2.5,399
Genius Tirai,99,0.5,393
WIFI-Powered Router,82,1.5,438
Super Smartphone,8,3.5,180
Quick TV,5,1,184
Quick Headphone,76,0,316
Generation 2 Apel,21,1.5,319
Super Smartphone,86,3.5,363
WIFI-Powered TV,3,3.5,113
Generation 2 Hair Dryer,16,4.5,282
Gorilla Glass Hair Dryer,26,4.5,212
Mega Hair Dryer,80,4,83
WIFI-Powered Headphone,43,4.5,375
Super Microphone,32,4,454
Quick Monitor,34,0,442
Generation 2 Headphone,29,4,424
Gorilla Glass Apel,27,3.5,183
WIFI-Powered Router,45,0.5,98
Genius Apel,85,2,168
Genius Apel,61,2.5,481
Super Headphone,34,0.5,169
Generation 2 Tirai,23,2.5,484
Quick Apel,60,1.5,357
Very Smart Microphone,36,4,18
Generation 2 Jeruk,51,4.5,237
Quick Tirai,65,2.5,310
Smart Apel,26,2,276
Quick Headphone,2,2,254
Quick Tirai,7,4,207
Genius Hair Dryer,93,2,287
Very Smart TV,42,0,6
Super TV,4,1.5,122
Mega Router,13,3.5,208
Super Router,95,0.5,42
Genius Jeruk,77,2,391
Quick Apel,3,1.5,127
Smart Apel,23,0,260
Smart Apel,18,3.5,271
Genius Smartphone,25,4,392
Very Smart Router,72,2.5,479
WIFI-Powered Apel,45,1,12
Quick Router,12,1.5,301
Super Headphone,10,2.5,313
Quick Tirai,34,0,294
Very Smart TV,41,3,407
Mega Jeruk,81,2.5,62
Genius Tirai,82,1.5,301
Super Mouse,47,2,113
Generation 2 Mouse,47,2,415
Mega Oven,21,4,378
Very Smart Hair Dryer,30,1,163
Generation 2 Headphone,41,1.5,464
Mega Tirai,4,4.5,157
Genius Apel,45,2,343
WIFI-Powered Router,10,1.5,90
Very Smart Oven,88,0.5,95
Very Smart Jeruk,33,4.5,202
Mega Mouse,21,4.5,484
Genius Microphone,37,0,159
WIFI-Powered Apel,49,3.5,460
Super Mouse,11,4,486
Smart Tirai,97,0.5,421
Quick Mouse,45,4,69
Generation 2 Tirai,30,2,165
Smart Hair Dryer,22,3,359
Super Oven,38,3.5,273
Gorilla Glass TV,57,3.5,228
Genius Headphone,11,1.5,305
Quick Hair Dryer,4,0,458
WIFI-Powered Headphone,97,2,426
Generation 2 Hair Dryer,25,2.5,118
Generation 2 Headphone,5,1.5,154
Smart Mouse,29,4,420
Genius Mouse,89,3,255
Very Smart Hair Dryer,33,0,141
Smart Oven,40,4.5,134
Genius Hair Dryer,69,1.5,472
WIFI-Powered Headphone,59,0.5,355
Generation 2 Monitor,12,4,403
Genius Oven,9,0.5,394
Very Smart Hair Dryer,17,4.5,48
WIFI-Powered TV,12,3.5,16
Very Smart Tirai,43,4,50
Very Smart Smartphone,79,2,163
Quick Router,25,0.5,103
Generation 2 Mouse,41,2.5,402
WIFI-Powered Microphone,71,0,89
Quick Router,41,3,391
Quick Smartphone,63,1,47
Quick Tirai,36,4,436
Genius Apel,38,4.5,130
Smart Apel,7,0,407
WIFI-Powered Oven,37,0,312
Very Smart Apel,54,1.5,338
Mega Headphone,57,1,183
Gorilla Glass Apel,44,2.5,18
WIFI-Powered Headphone,73,2.5,343
Smart Mouse,88,4.5,345
Genius TV,79,0.5,289
Mega Router,66,4,302
Genius Oven,2,0,215
Gorilla Glass Monitor,12,4.5,411
Gorilla Glass TV,37,2,395
Smart Headphone,37,4,380
Super Smartphone,56,3.5,488
Smart Router,80,3.5,128
Generation 2 Microphone,33,4,432
Super Jeruk,69,0,54
Mega Smartphone,98,3.5,95
Smart Mouse,8,1.5,204
Quick Smartphone,64,0,151
Quick Mouse,70,4,449
Genius Monitor,28,4.5,272
Smart Hair Dryer,4,0.5,219
WIFI-Powered TV,81,4,237
WIFI-Powered Mouse,22,3.5,267
WIFI-Powered Monitor,63,0,438
Generation 2 Tirai,89,2.5,96
Super Hair Dryer,85,4,162
Super TV,88,2,240
Super Jeruk,61,4,45
WIFI-Powered Smartphone,2,2.5,394
Mega Headphone,33,4,389
Gorilla Glass TV,5,3,109
Generation 2 Hair Dryer,50,1,302
Genius Apel,32,4,489
Mega Mouse,10,1.5,153
Genius Microphone,75,0.5,420
Smart Monitor,29,0,295
Gorilla Glass Tirai,39,0.5,334
Gorilla Glass Hair Dryer,43,0.5,285
Quick Apel,20,3,458
Generation 2 Apel,28,3,381
Super Tirai,79,1,421
Quick Router,8,4.5,440
Very Smart TV,47,3.5,178
Gorilla Glass Jeruk,41,2.5,59
WIFI-Powered Hair Dryer,24,4.5,72
Very Smart Smartphone,14,0,331
Mega Router,93,0.5,138
Mega Monitor,65,3.5,148
Generation 2 Apel,20,1.5,110
Genius Apel,31,3.5,366
WIFI-Powered Apel,86,4.5,440
Quick TV,76,3.5,483
Very Smart Router,63,1.5,118
Generation 2 Monitor,31,2.5,178
Mega Monitor,74,2,183
Generation 2 Apel,19,0.5,9
Smart Microphone,86,0,490
Gorilla Glass Oven,56,2,252
WIFI-Powered Mouse,41,0.5,343
Smart Smartphone,30,4.5,126
Mega Tirai,40,3,60
Mega TV,24,0.5,313
Gorilla Glass Tirai,23,4,414
Quick Microphone,13,3,207
WIFI-Powered Headphone,42,1,47
Super Smartphone,37,1.5,43
Mega Microphone,87,0.5,51
Super Tirai,38,0,17
Gorilla Glass Hair Dryer,20,1.5,482
Quick Headphone,16,3,313
Super Mouse,16,3,299
Mega Hair Dryer,20,4.5,208
Gorilla Glass Mouse,9,4,206
Mega Hair Dryer,43,1.5,493
Gorilla Glass Microphone,48,1,388
Smart Jeruk,10,0.5,142
Mega Apel,65,0.5,249
Mega Jeruk,17,4,134
WIFI-Powered Hair Dryer,68,2.5,135
Quick Router,53,2.5,290
Very Smart Hair Dryer,8,1,91
Genius Mouse,85,4,198
WIFI-Powered Mouse,80,4,450
Genius Hair Dryer,83,1,351
Quick Oven,72,4,222
WIFI-Powered Microphone,55,2.5,36
Mega Mouse,56,4.5,163
Genius Mouse,96,0,258
Gorilla Glass Monitor,23,1,155
WIFI-Powered Oven,90,3,91
Mega Tirai,56,2,443
Smart Jeruk,92,1.5,373
Very Smart Hair Dryer,17,2,460
WIFI-Powered Headphone,5,1.5,74
Smart Hair Dryer,48,0,317
Smart Microphone,24,3,305
Genius Router,12,1.5,188
Quick Tirai,25,1.5,374
WIFI-Powered TV,38,0.5,151
Super Apel,71,3.5,499
Genius Apel,54,4.5,212
Gorilla Glass Microphone,70,1.5,101
Quick Mouse,15,2,365
Generation 2 Mouse,37,3,196
Super Jeruk,12,3.5,120
Super Oven,77,2.5,271
Generation 2 Tirai,19,0,54
Gorilla Glass Microphone,95,0.5,10
WIFI-Powered Tirai,46,2.5,452
Gorilla Glass TV,98,4,276
Mega TV,96,2.5,415
Mega Monitor,45,4,410
Very Smart Router,18,0.5,226
Smart Router,75,2.5,255
Generation 2 Oven,88,0,117
Generation 2 Jeruk,72,2.5,109
Generation 2 Smartphone,58,2.5,254
Super TV,71,3.5,316
Smart Router,99,4,114
Smart Tirai,36,1,287
Genius Headphone,36,4,229
Gorilla Glass Monitor,50,0,379
Genius Jeruk,51,2.5,397
Generation 2 Jeruk,71,2,441
WIFI-Powered Tirai,51,0.5,84
Smart Monitor,25,2,237
Super Smartphone,22,0,240
Super Apel,12,1,140
Mega Router,84,0.5,440
Gorilla Glass Router,33,4,1
Gorilla Glass Microphone,34,1.5,113
Smart Headphone,33,2.5,279
WIFI-Powered Headphone,22,3.5,369
Smart TV,99,1.5,50
Super TV,40,1,255
Quick TV,4,1,13
Smart Oven,37,0,360
Genius Router,3,3.5,142
Generation 2 Router,70,1.5,109
Very Smart Smartphone,92,4,324
Very Smart Microphone,79,4,37
Super Jeruk,73,2.5,141
Gorilla Glass Microphone,52,1.5,274
Mega Microphone,26,2,305
Super Router,31,1.5,467
Generation 2 Jeruk,43,1.5,4
Quick Apel,50,1,418
Very Smart TV,30,0.5,187
WIFI-Powered TV,63,3.5,465
Super Jeruk,29,0.5,273
Very Smart Mouse,8,2.5,323
Smart Router,59,0.5,290
Generation 2 Oven,61,3.5,456
Quick Tirai,54,3,471
Gorilla Glass Apel,90,1.5,452
Super Apel,47,3,114
Gorilla Glass Hair Dryer,59,2,418
Very Smart TV,53,2.5,75
Gorilla Glass Oven,45,1.5,86
Quick Jeruk,97,1,68
WIFI-Powered Microphone,31,2,105
WIFI-Powered Jeruk,68,0,137
Smart Mouse,89,2.5,211
Generation 2 Oven,98,4,475
Quick Apel,33,1.5,239
Mega Apel,68,0,16
Smart Smartphone,67,2,397
Very Smart Hair Dryer,61,0,498
Generation 2 Apel,27,2.5,234
Genius TV,64,4,390
Genius Monitor,38,0.5,372
Gorilla Glass Mouse,79,3,499
Quick Microphone,49,3.5,495
Smart Router,95,1.5,486
Mega Monitor,86,1.5,248
WIFI-Powered Monitor,99,1.5,44
Quick Tirai,46,1,445
Very Smart Tirai,16,3.5,417
Mega Router,16,3,303
Super Monitor,16,1,47
WIFI-Powered TV,74,1.5,351
Genius Hair Dryer,6,2,499
Genius Monitor,64,3,113
WIFI-Powered Monitor,67,3,42
WIFI-Powered Mouse,36,2.5,92
Super Monitor,24,4,340
Mega Tirai,92,2.5,81
Smart Apel,74,1.5,13
Super Jeruk,49,4.5,113
Gorilla Glass Mouse,39,0,386
Mega Monitor,77,4,59
Generation 2 Mouse,56,2,277
Smart Smartphone,58,3.5,399
Mega Jeruk,67,1,258
Genius Microphone,9,2,259
Gorilla Glass Jeruk,79,0,128
WIFI-Powered Tirai,82,1.5,442
Very Smart Router,7,0.5,322
Quick Tirai,99,3,422
Gorilla Glass Hair Dryer,35,1,43
Very Smart Apel,87,0.5,247
Smart Hair Dryer,34,3.5,389
Very Smart Microphone,71,0,224
Mega Apel,9,2,347
Very Smart Router,16,3,324
Super Mouse,74,4,490
Quick Hair Dryer,40,2,183
Gorilla Glass Hair Dryer,47,3,171
Gorilla Glass Apel,45,3.5,364
Generation 2 Jeruk,26,0.5,322
Mega Headphone,90,4.5,16
Gorilla Glass Microphone,61,3.5,481
Gorilla Glass Tirai,19,0,142
Mega Monitor,18,3.5,277
Very Smart TV,99,0.5,480
Generation 2 Tirai,54,1,261
Smart Headphone,28,3.5,135
Gorilla Glass Monitor,93,0.5,33
Smart Apel,55,4.5,115
Super Microphone,12,0,216
Mega Tirai,31,3,28
Genius Tirai,37,3.5,324
Very Smart Tirai,99,2.5,421
Gorilla Glass Oven,52,0.5,97
Generation 2 Hair Dryer,60,4,150
Super TV,33,3,494
Super Router,25,2,77
Very Smart Hair Dryer,58,4.5,364
Smart Mouse,11,0.5,371
WIFI-Powered TV,85,0.5,12
Generation 2 TV,83,3.5,253
WIFI-Powered Monitor,65,4,160
WIFI-Powered Hair Dryer,23,4.5,49
Quick Hair Dryer,16,4.5,325
Generation 2 Smartphone,52,4,0
Quick Jeruk,85,2,379
Generation 2 Oven,74,4.5,476
WIFI-Powered Smartphone,8,0.5,478
WIFI-Powered Smartphone,1,4.5,385
Super Oven,2,0,118
Generation 2 Oven,70,0,262
WIFI-Powered Headphone,35,2.5,61
Generation 2 Headphone,75,4.5,264
WIFI-Powered Monitor,22,3.5,180
Quick TV,61,2.5,368
Mega Microphone,37,3,105
Mega Oven,20,3.5,366
Generation 2 TV,19,1.5,283
Quick Headphone,5,0,230
Smart Mouse,28,1,60
Smart TV,20,3.5,478
Mega Tirai,6,4.5,451
Mega Router,15,3.5,274
Quick Router,36,3,294
WIFI-Powered Mouse,73,2,26
Quick Tirai,14,2.5,62
WIFI-Powered Mouse,16,4.5,276
Quick Mouse,18,2,46
WIFI-Powered Headphone,58,4.5,236
Genius Router,17,3,80
Smart Tirai,79,0,282
Gorilla Glass Router,9,4.5,51
Generation 2 Monitor,53,4.5,478
Quick Microphone,23,3.5,83
WIFI-Powered Router,87,2,199
Quick Hair Dryer,73,4.5,474
Quick Apel,96,0,237
Mega TV,49,1.5,22
Mega Tirai,6,1,68
Mega Hair Dryer,69,4,207
Quick Router,40,0.5,434
Genius Hair Dryer,97,0.5,494
Smart Router,10,1,15
Smart Hair Dryer,50,0.5,446
Generation 2 Router,58,4,449
Very Smart Mouse,11,0.5,6
Generation 2 Router,66,3,227
Smart Oven,96,3.5,129
Mega Apel,67,0,219
Super Monitor,33,1.5,396
Quick Oven,46,4,112
Smart Router,68,1.5,149
Very Smart Headphone,4,3.5,111
Mega Mouse,63,0.5,479
Generation 2 Mouse,62,1.5,336
Smart Monitor,2,3,9
Genius Hair Dryer,17,1,72
Super Oven,6,3.5,296
Smart Jeruk,8,2,492
WIFI-Powered Apel,45,2.5,80
Quick Router,84,0,458
Genius Router,61,4,466
Smart TV,98,0,92
Genius Mouse,25,3.5,475
Super Hair Dryer,8,4,104
Generation 2 Headphone,78,2,421
WIFI-Powered Mouse,55,0.5,304
Gorilla Glass Headphone,4,0.5,126
Smart Smartphone,74,4.5,95
Super TV,22,2.5,481
Mega Jeruk,58,0.5,292
Genius Oven,70,3.5,225
Genius Oven,96,3,177
Gorilla Glass Oven,17,1,175
Generation 2 Microphone,27,4,188
Quick Mouse,75,1.5,201
Smart Tirai,1,4.5,306
Mega Router,77,4.5,405
Smart Oven,1,4.5,213
Gorilla Glass Headphone,57,1.5,31
Very Smart Router,52,3,262
Quick Router,43,2.5,228
Gorilla Glass TV,22,2,50
Generation 2 TV,35,0,316
Super Monitor,69,3,84
WIFI-Powered Jeruk,12,0,476
Gorilla Glass Oven,32,0,324
Quick Apel,95,3.5,8
Super Mouse,91,3,41
Generation 2 Jeruk,61,3.5,423
Genius TV,88,4,159
Very Smart Oven,58,3.5,320
Gorilla Glass Mouse,46,1,95
Gorilla Glass Tirai,27,3.5,239
Smart Oven,25,2.5,48
Very Smart Apel,92,3,341
Very Smart Router,50,0.5,271
Gorilla Glass Monitor,95,4,409
Genius Mouse,82,1.5,427
WIFI-Powered Tirai,87,0,236
Smart TV,38,1,278
Gorilla Glass Apel,54,2,348
Very Smart Microphone,71,3,325
Generation 2 Jeruk,15,1,163
Smart Monitor,85,4.5,58
Quick Microphone,68,3,241
Gorilla Glass Tirai,10,4,356
Very Smart Monitor,45,1,41
WIFI-Powered TV,36,3,316
Generation 2 Mouse,2,1,104
Super Headphone,52,3,286
Genius Jeruk,27,2,114
Mega Tirai,90,0.5,403
Mega Smartphone,42,3.5,205
Very Smart Hair Dryer,71,0.5,56
Genius Apel,63,1,253
Gorilla Glass Headphone,12,1,155
Genius TV,24,4,321
Gorilla Glass Headphone,17,0,401
Mega Oven,57,2.5,142
WIFI-Powered Monitor,62,2,357
Gorilla Glass Apel,80,3.5,63
Genius Microphone,70,4,177
WIFI-Powered Apel,90,4,347
Quick Microphone,63,3,47
Gorilla Glass Smartphone,85,0,333
Generation 2 Headphone,43,3.5,155
Smart Mouse,30,2.5,441
Generation 2 Apel,60,0.5,204
Super Oven,86,3,400
Very Smart Monitor,94,4,435
Mega Jeruk,25,2,344
Smart Apel,52,3.5,457
Quick Apel,65,0.5,116
WIFI-Powered Oven,85,0,450
Super Oven,26,1.5,479
Quick Monitor,93,2,332
Very Smart Microphone,45,4,202
Generation 2 Tirai,70,2,192
Quick Tirai,48,4.5,414
Gorilla Glass Oven,12,0.5,439
Very Smart Monitor,25,2.5,225
Quick TV,61,2.5,359
Very Smart Jeruk,33,3.5,491
Genius Apel,17,4,176
Genius Mouse,1,4,243
Generation 2 Mouse,47,2.5,225
Super Smartphone,79,3.5,230
Very Smart Microphone,21,2.5,444
Generation 2 Apel,16,3.5,325
Gorilla Glass Router,57,3.5,398
Gorilla Glass Headphone,81,2,0
WIFI-Powered TV,73,1.5,23
Generation 2 Smartphone,91,0,423
Mega Tirai,25,0.5,76
Generation 2 Smartphone,43,1,422
Very Smart Router,71,3,67
Smart TV,66,3,152
Genius Jeruk,32,2.5,317
Very Smart Router,57,2.5,326
Mega Headphone,57,0.5,128
Mega Apel,43,1.5,23
Very Smart Tirai,17,1,343
Super Hair Dryer,9,3,312
Quick Smartphone,30,2,156
Very Smart Oven,13,2,90
Smart TV,2,3,328
Smart TV,19,1,85
Quick Hair Dryer,66,4,243
Gorilla Glass Tirai,64,2,177
Gorilla Glass Headphone,71,2.5,38
Gorilla Glass Headphone,9,4,442
Gorilla Glass Monitor,36,4.5,179
WIFI-Powered TV,61,3.5,248
Smart Apel,21,0.5,257
Mega Hair Dryer,99,1.5,7
Gorilla Glass Router,90,3.5,311
Mega Monitor,86,4.5,37
Very Smart Tirai,1,0.5,146
Super Microphone,65,1.5,64
Very Smart Hair Dryer,93,0.5,225
Very Smart Mouse,84,2,158
Smart TV,50,2.5,299
Very Smart Hair Dryer,2,1.5,134
Gorilla Glass Router,21,1.5,400
Genius Apel,48,4,204
Smart Headphone,82,1,247
Smart Jeruk,18,0,141
Smart Oven,9,4.5,424
Very Smart Tirai,94,4.5,293
Quick Smartphone,68,0,358
Quick Microphone,17,2.5,491
Smart Microphone,82,0.5,339
Very Smart Oven,86,1.5,103
Mega Tirai,86,3.5,337
WIFI-Powered Oven,86,4.5,356
WIFI-Powered Jeruk,76,0,417
Generation 2 Apel,2,4.5,100
Super Mouse,51,4.5,24
Genius Router,11,2,157
Smart Hair Dryer,77,1,316
Generation 2 Oven,31,0,211
Genius Apel,5,4,477
Genius Mouse,40,0,150
Smart Microphone,64,2.5,319
Mega Mouse,14,1,205
Super Mouse,78,0,407
Quick Apel,28,4.5,35
WIFI-Powered Jeruk,58,3.5,164
Mega Smartphone,41,3,6
Quick Headphone,68,0,305
Super Mouse,52,0,414
Generation 2 Hair Dryer,87,3,315
Super Mouse,28,4,412
Gorilla Glass Jeruk,42,2,39
Very Smart Mouse,32,1.5,411
Super Microphone,96,4,129
Generation 2 Jeruk,84,3.5,431
Genius Tirai,12,3,338